Tip Matrice,Tip alocare,Nr threads,Timp executie
,,1,0.00824
,,4,0.89887
,,1,124.0959
,,2,240.1721
,,4,125.9339
,,8,173.7489
,,16,453.4564
,,1,53.8
,,2,52.9
,,4,53.5
,,8,51.7
,,16,53.5
,,1,12.98574
,,2,26.07162
,,4,14.86152
,,8,19.07992
,,16,48.10454
,,1,29.66728
,,2,69.90545
,,4,43.81696
,,8,45.29726
,,16,42.9724
