Tip Matrice,Nr threads,Timp executie
,6,4
,6,4
,6,3
,6,4
,6,4
,6,0.0001
,6,0.0001
,6,4
,6,4
,6,4
,6,4
,6,4
,6,4
,6,0.0002
,6,0
,6,0
,6,0
,6,25.2619
,5,24.3065
,5,26.83055
,5,22.50605
,5,23.7372
,5,23.614
,5,22.6631
,5,23.1525
,5,0
