Tip Matrice,Nr threads,Timp executie
,4,22.54222
,6,22.90111
,16,24.82689
,4,20.79004
,6,21.48626
,16,23.584
