Tip Matrice,Tip alocare,Nr threads,Timp executie
,,1,0.01792
,,4,2.05567
,,1,284.7512
,,2,613.4512
,,4,375.0555
,,8,346.3112
,,16,518.5625
,,1,29.1154
,,2,70.95118
,,4,45.24848
,,8,44.49846
,,16,47.3193
,,1,29.9126
,,2,74.23774
,,4,45.95143
,,8,43.68521
,,16,47.46884
