Tip Matrice,Tip alocare,Nr threads,Timp executie
,,1,0.00334
,,4,1.91973
,,1,4.10992
,,2,4.20894
,,4,4.41987
,,8,4.31034
,,16,4.54793
,,1,0.40078
,,2,2.04607
,,4,2.19197
,,8,2.39158
,,16,2.3963
,,1,1.30801
,,2,2.62011
,,4,2.49732
,,8,2.89679
,,16,3.45365
